,LR,RF,NN
0,0.7301946962067808,0.8095837529372273,0.8353474320241692
1,0.7253272910372608,0.8025344075193018,0.8292212151728768
2,0.7351460221550856,0.8130245048674052,0.8312353138637126
3,0.7394259818731118,0.8076535750251762,0.8339207787848272
4,0.7352299429338705,0.8047163477677073,0.8273749580396106
