,LR,RF,NN
0,0.7526854649211144,0.8146189996643168,0.8478516280631084
1,0.7506713662302786,0.8089963074857335,0.8421450151057401
2,0.7533568311513931,0.8157099697885196,0.8454179254783485
3,0.7589795233299765,0.81554212823095,0.8440751930177912
4,0.7534407519301779,0.8110104061765693,0.8401309164149043
