,LR,RF,NN
0,0.769889224572004,0.8027022490768715,0.8424806982208795
1,0.765525344075193,0.7962403491104397,0.8353474320241692
2,0.7760154414232964,0.8067304464585431,0.8387042631755622
3,0.7726586102719033,0.8021987244041625,0.8423128566633098
4,0.7703088284659282,0.8031218529707955,0.8407183618663981
