,LR,RF,NN
0,0.7591473648875462,0.8006881503860356,0.8414736488754616
1,0.7510909701242028,0.7933031218529708,0.8314031554212823
2,0.759231285666331,0.8058912386706949,0.8445787176905002
3,0.7625041960389393,0.8003524672708963,0.8434038267875126
4,0.7591473648875462,0.7990936555891238,0.8367740852635113
